bids_name	aor	aqi	dummy_trs	dvars_nstd	dvars_std	dvars_vstd	efc	fber	fd_mean	fd_num	fd_perc	fwhm_avg	fwhm_x	fwhm_y	fwhm_z	gcor	gsr_x	gsr_y	size_t	size_x	size_y	size_z	snr	spacing_tr	spacing_x	spacing_y	spacing_z	summary_bg_k	summary_bg_mad	summary_bg_mean	summary_bg_median	summary_bg_n	summary_bg_p05	summary_bg_p95	summary_bg_stdv	summary_fg_k	summary_fg_mad	summary_fg_mean	summary_fg_median	summary_fg_n	summary_fg_p05	summary_fg_p95	summary_fg_stdv	tsnr
sub-8107_task-knowfilt_run-01_bold	0.0006889814814814815	0.008373131635802469	0	24.692811351702776	1.0607842131888543	0.9858248691021666	0.6363809992283578	415.6713562011719	0.09462957275702429	9	2.7777777777777777	1.8803133333333333	1.7568966666666668	2.0205966666666666	1.8634466666666667	0.0526143	-0.011469528079032898	0.0725117102265358	324	64	64	43	5.47377794410372	2.5	3.0	3.0	3.0	25.97330342279004	19.488897331795638	78.69110107421875	41.206790924072266	88045.0	26.040740585327146	257.01729125976567	99.74188232421875	2.3562115021628944	130.89909827686682	874.632080078125	859.7345581054688	48801.0	649.8117065429688	1142.1666259765625	157.06259155273438	54.01236892514862
sub-8107_task-knowfilt_run-02_bold	0.0006733641975308641	0.007034334475308642	0	24.657933078792574	1.0762901787925698	0.9985404524148603	0.6358414989791558	419.9183654785156	0.07815698213993122	7	2.1604938271604937	1.8863011111111112	1.7591833333333333	2.0241333333333333	1.8755866666666667	0.0796338	-0.010156129486858845	0.07353953272104263	324	64	64	43	5.413323421889611	2.5	3.0	3.0	3.0	24.841551679324017	18.422705763703213	79.31188201904297	40.682098388671875	88581.0	27.25	261.07098388671875	100.47565460205078	2.479604139083352	131.04098794230975	871.5835571289062	857.4521484375	48474.0	643.3558715820312	1137.6737609863278	158.39498901367188	57.08742391644046
sub-8108_task-knowfilt_run-01_bold	0.001437993827160494	0.016432616574074074	0	23.98713390582044	0.9303679864086682	0.9193709960681107	0.6276612457808458	440.405517578125	0.1386654211512804	55	16.97530864197531	2.0088944444444445	1.8181533333333333	2.2129600000000003	1.99557	0.036523	-0.01204918883740902	0.07305798679590225	324	64	64	43	5.6879809361836555	2.5	3.0	3.0	3.0	22.034756225495908	19.347044428263807	77.1197738647461	40.450618743896484	91354.0	25.43827247619629	243.75539932250962	90.10769653320312	1.2156115638198406	135.93491452807757	873.037353515625	862.9413452148438	45964.0	635.5663391113281	1127.9805297851562	151.7114715576172	40.99583457154222
sub-8108_task-knowfilt_run-02_bold	0.0005094444444444445	0.007444519907407408	0	22.84384691442724	1.0081541038390085	0.9763637340557283	0.6267161330429114	449.3179016113281	0.08942549806963578	25	7.716049382716049	1.9606566666666667	1.7707233333333334	2.159543333333333	1.9517033333333333	0.0558723	-0.011144110932946205	0.0734805017709732	324	64	64	43	5.678986205163796	2.5	3.0	3.0	3.0	21.67809644337382	17.294737217946842	77.36573028564453	39.757713317871094	91794.0	27.419754028320312	249.1875030517577	91.08635711669922	1.421521236539263	135.2233849111275	874.055908203125	864.3734741210938	45811.0	637.9768676757812	1126.7144775390625	152.2039337158203	55.48950830020476
sub-8109_task-knowfilt_run-01_bold	0.0002537345679012346	0.007103654475308642	0	28.065414115758525	1.117647555975232	0.9778066956037149	0.5996236075844106	455.0465393066406	0.09754220412550718	13	4.012345679012346	1.9031511111111115	1.76586	2.0557633333333336	1.8878300000000001	0.0912598	-0.009953624568879604	0.06693056970834732	324	64	64	43	5.383379039537569	2.5	3.0	3.0	3.0	39.92537196445292	15.466652214713637	68.99077606201172	38.209877014160156	97115.0	26.731481552124023	207.92561492919924	86.74964141845703	1.376679726216926	134.067952389949	843.8092041015625	831.8765869140625	41028.0	607.140756225586	1105.5996704101562	154.52496337890625	54.15025213826448
sub-8109_task-knowfilt_run-02_bold	0.00032271604938271603	0.006959513086419752	0	28.14530691498452	1.1157466155417946	0.9805739766253864	0.5994607750239257	451.4621276855469	0.10925402143309634	21	6.481481481481482	1.8859044444444446	1.74796	2.0449466666666667	1.8648066666666667	0.0750239	-0.01012046542018652	0.06775259971618652	324	64	64	43	5.407275296091218	2.5	3.0	3.0	3.0	38.247703744179354	15.57190156615895	69.63249206542969	38.3487663269043	97348.0	26.9135799407959	209.74768295288078	87.71966552734375	1.3324413922986418	133.67440764823263	845.527587890625	833.3333129882812	40878.0	610.9862915039063	1108.0547973632813	154.11146545410156	54.85420941654593
sub-8110_task-knowfilt_run-01_bold	0.0003104320987654321	0.00891101163580247	0	27.996254729071218	1.0815016524148608	0.9707764904024757	0.599467565734079	380.708740234375	0.08430633814360637	21	6.481481481481482	1.8849144444444443	1.7687566666666665	2.04133	1.8446566666666666	0.0990467	0.0004369818198028952	0.04690414294600487	324	64	64	43	5.518119331064156	2.5	3.0	3.0	3.0	21.266499847430495	18.875719966202908	75.08592224121094	41.089508056640625	100464.0	26.91712923049927	245.12253189086908	90.16911315917969	1.0975205187305752	133.2877854571581	825.6386108398438	820.3425903320312	38039.0	584.6197387695313	1068.2885375976562	148.66148376464844	47.74588211020455
sub-8110_task-knowfilt_run-02_bold	0.0006091358024691359	0.008038435524691356	0	27.48795560136224	1.0901457898452012	0.9917335333746135	0.5983634251597881	388.3961181640625	0.11353433474990053	47	14.506172839506172	1.8472677777777777	1.73586	2.0012866666666667	1.8046566666666666	0.0686107	0.0016975111793726683	0.046838294714689255	324	64	64	43	5.549515724015314	2.5	3.0	3.0	3.0	21.2718621171615	19.054182077499885	75.71551513671875	41.040122985839844	100709.0	26.58333396911621	248.57840270996056	91.58576965332031	1.3136352205440298	131.84174154531	829.9409790039062	824.3641967773438	37865.0	592.7339477539062	1073.4882568359371	148.5450897216797	51.8688657770399
sub-8111_task-knowfilt_run-01_bold	0.0005849999999999999	0.023989600925925926	0	29.61245644857584	0.9983838263157899	0.9266066742724459	0.6140713972878454	311.4991455078125	0.14575244226848913	54	16.666666666666668	1.9294044444444445	1.7943	2.12376	1.8701533333333333	0.0120663	0.0003096476721111685	0.046079784631729126	324	64	64	43	6.041968451087344	2.5	3.0	3.0	3.0	23.873607289001644	23.758241876015465	76.00387573242188	45.50617218017578	96279.0	25.895061492919922	231.3197570800777	87.72769165039062	1.6595230496996676	114.21299125889503	813.6716918945312	808.4969482421875	40388.0	604.2662139892578	1033.609930419922	133.8118438720703	34.67245697416365
sub-8111_task-knowfilt_run-02_bold	0.0011299071207430342	0.011628395758513932	1	30.09864043577641	1.1225739936335404	1.0100746054968948	0.6078705156965659	347.12115478515625	0.14906593761400078	59	18.26625386996904	1.7999333333333334	1.6706133333333335	1.9566633333333332	1.7725233333333332	0.0177896	0.0074273063801229	0.047439079731702805	323	64	64	43	6.198575902931863	2.5	3.0	3.0	3.0	20.44398344606515	20.52692644815524	77.3909683227539	42.72755432128906	99163.0	27.43653106689453	252.00927734375	96.31486511230469	2.0230509248143926	109.62080643933858	813.81689453125	808.0804443359375	39415.0	611.0519958496094	1026.4838623046876	130.3638458251953	50.0337321809493
sub-8112_task-knowfilt_run-01_bold	0.0009430246913580246	0.010228697561728397	0	26.411810352260062	1.0442837137770893	0.9866051715479869	0.5904154046165088	536.7003784179688	0.20388041512001404	122	37.65432098765432	2.0873822222222222	1.9756866666666666	2.23252	2.05394	0.0493712	-0.009713632054626942	0.06119462102651596	324	64	64	43	4.783559835592852	2.5	3.0	3.0	3.0	51.47675494945324	14.146495225627847	64.2484359741211	36.04475402832031	96774.0	24.29938316345215	177.89876480102507	84.8267593383789	1.6794055517829856	156.49697122403649	869.7067260742188	853.725341796875	41551.0	599.9444580078125	1170.7808227539062	178.46856689453125	45.27197246061405
sub-8112_task-knowfilt_run-02_bold	0.002094753086419753	0.011571536388888888	0	28.1888710471517	1.0788831138080484	1.0041467784829716	0.5906740295351139	529.5410766601562	0.2185647444535075	128	39.50617283950617	2.0879166666666666	1.9771533333333335	2.22493	2.0616666666666665	0.0415613	-0.00954915676265955	0.060362499207258224	324	64	64	43	4.7613780790740226	2.5	3.0	3.0	3.0	53.085780848884816	13.297662698602956	64.18839263916016	36.231483459472656	96790.0	26.206790924072266	178.1072547912598	83.6659927368164	1.754221644244824	157.36631689744854	871.5381469726562	855.2376708984375	41527.0	599.2484863281251	1175.1145263671874	179.61761474609375	43.180260258726776
sub-8113_task-knowfilt_run-01_bold	0.001105864197530864	0.008250814598765432	0	27.142602448235316	1.149583275479876	0.9881943961609914	0.5982865119391154	452.5835266113281	0.0516102211540507	4	1.2345679012345678	1.950088888888889	1.8138366666666668	2.12542	1.91101	0.0304657	-0.0006494281115010381	0.04812895134091377	324	64	64	43	5.241356225668795	2.5	3.0	3.0	3.0	16.70416226367209	17.045350068803607	72.99896240234375	38.3487663269043	99109.0	25.33024787902832	245.82160949707026	87.51465606689453	0.5407406413028935	149.05414339377668	848.3209838867188	833.861083984375	38958.0	598.8773345947266	1122.7218994140626	159.090576171875	52.60875228699297
sub-8113_task-knowfilt_run-02_bold	0.00039272445820433434	0.008774722755417956	1	27.25786704897517	1.126783147701864	0.9681182020186335	0.5990801099668205	446.45147705078125	0.04732525957645455	2	0.6191950464396285	1.9495522222222224	1.8173333333333332	2.1231533333333332	1.9081700000000001	0.038009	-0.00037574287853203714	0.04899294301867485	323	64	64	43	5.233772825426238	2.5	3.0	3.0	3.0	16.76408790922096	17.29319887335977	73.41972351074219	38.56501388549805	99056.0	25.19194984436035	247.73992919921875	87.6736831665039	0.5862288802817806	148.40717900405465	848.2106323242188	834.4829711914062	39001.0	598.8978271484375	1121.79248046875	159.43991088867188	51.5703634157544
sub-8114_task-knowfilt_run-01_bold	0.0011644753086419754	0.009845233580246913	0	22.728389214520117	1.0231044854489155	0.968862391702786	0.6157889171849212	530.0280151367188	0.05801967644367037	10	3.0864197530864197	2.0597911111111107	1.8884766666666666	2.2806266666666666	2.01027	0.0193521	-0.0056597404181957245	0.07246154546737671	324	64	64	43	5.138111513982403	2.5	3.0	3.0	3.0	27.76202750158438	14.185392155398402	70.22799682617188	36.956790924072266	91039.0	25.11111068725586	224.20216522216782	88.20842742919922	2.0096057893579653	141.73492607563105	890.33984375	871.302490234375	45764.0	645.1052368164062	1194.0267517089842	169.57455444335938	50.79733569151722
sub-8114_task-knowfilt_run-02_bold	0.000496141975308642	0.005459636574074074	0	22.933635699938073	1.075120261857584	0.9979774944891647	0.61652799688714	531.770263671875	0.0637702986917387	9	2.7777777777777777	2.0515488888888886	1.87855	2.2675533333333333	2.0085433333333333	0.0467525	-0.007189329247921705	0.07343316078186035	324	64	64	43	5.157412552471524	2.5	3.0	3.0	3.0	26.75730634825222	13.23359517109429	71.62369537353516	36.87036895751953	91189.0	26.867284774780273	233.39506530761665	90.28072357177734	2.130608785947686	141.684613158548	893.4572143554688	875.216064453125	45475.0	650.0086547851563	1195.285803222656	169.69874572753906	61.97412829939276
sub-8115_task-knowfilt_run-01_bold	0.0012425	0.00955270037037037	0	24.40308260235292	1.081608160804953	0.9721047322600612	0.5726223955049928	696.3167114257812	0.0829132824528698	23	7.098765432098766	2.002744444444444	1.8699033333333333	2.17245	1.96588	0.0320671	-0.008758988231420517	0.0450630709528923	324	64	64	43	5.540864593460182	2.5	3.0	3.0	3.0	31.780448236166933	10.918177307440963	53.79877853393555	32.66358184814453	98955.0	23.83024787902832	143.59444427490226	62.98774337768555	1.0522988723934228	144.76419804015092	892.620361328125	880.2963256835938	39731.0	645.2345886230469	1165.6882934570312	158.8714599609375	52.49922990426421
sub-8115_task-knowfilt_run-02_bold	0.000516604938271605	0.005982879907407407	0	24.520536564334357	1.1102552408359139	0.9845298669659444	0.5715922784874796	724.197265625	0.08053089041561852	20	6.172839506172839	1.96462	1.8408499999999999	2.11864	1.9343700000000001	0.0485995	-0.008826945908367634	0.04436834901571274	324	64	64	43	5.56943400916408	2.5	3.0	3.0	3.0	31.327548962106505	9.957226607275906	53.45271301269531	32.08333206176758	99031.0	24.75	144.96604919433594	62.227718353271484	1.1943841351398055	146.14612917906135	898.2509765625	885.5694580078125	39608.0	653.3635711669922	1170.1856201171877	159.00328063964844	61.63742341287434
sub-8116_task-knowfilt_run-01_bold	0.002446851851851852	0.009523554413580246	0	25.115642878266257	1.0343275937770893	1.0054448838699688	0.619773956340427	472.72320556640625	0.179266092061435	76	23.45679012345679	2.043728888888889	1.86316	2.23123	2.0367966666666666	0.0318	0.003697591368108988	0.06371650099754333	324	64	64	43	5.424446777412736	2.5	3.0	3.0	3.0	17.230657575702182	14.427916138525415	77.80133056640625	36.86111068725586	94205.0	25.9135799407959	284.13456420898444	99.88695526123047	1.0225545341943327	140.6961815159249	833.9802856445312	827.947509765625	42669.0	587.1327026367187	1082.50927734375	152.63082885742188	46.131032198667526
sub-8116_task-knowfilt_run-02_bold	0.002176340694006309	0.013785818044164035	7	29.92640958863921	1.02808499386076	0.982493059240507	0.6180479600959257	471.67620849609375	0.34511834846971107	199	62.77602523659306	2.0205155555555554	1.8648133333333332	2.2099766666666665	1.9867566666666667	0.0171416	0.0036428002640604973	0.06495075672864914	317	64	64	43	5.464273865890451	2.5	3.0	3.0	3.0	16.52444327491403	16.079456305516857	78.55533599853516	37.44164276123047	94873.0	24.343849182128906	288.37982177734335	100.1488265991211	1.0053170143139916	139.92121780747263	835.0363159179688	828.3690795898438	42229.0	590.8359741210937	1084.3968505859375	151.59548950195312	38.523354647448286
sub-8117_task-knowfilt_run-01_bold	0.004856234567901234	0.011886806481481481	0	23.576846285263155	1.0330719888854496	0.98353218006192	0.6007683960974916	540.6213989257812	0.1184277314656758	34	10.493827160493828	1.9966988888888888	1.8710933333333333	2.1594233333333333	1.9595799999999999	0.0349919	-0.010576754808425903	0.06646855920553207	324	64	64	43	5.363668421046463	2.5	3.0	3.0	3.0	47.69032620829757	14.36385426669538	67.15786743164062	35.37963104248047	96019.0	24.966049194335938	214.01111450195296	82.73992919921875	1.2290724964815878	140.87010494512214	857.1405639648438	845.25	41689.0	608.4487670898437	1122.1203857421874	157.58615112304688	46.192913337145
sub-8117_task-knowfilt_run-02_bold	0.013097623456790124	0.01615631290123457	0	25.235137803746127	1.0311203867801855	1.0261131080804955	0.600201877490871	539.1884155273438	0.19841154007223877	54	16.666666666666668	2.00716	1.89541	2.19844	1.92763	0.0269892	-0.009483534842729568	0.06626655906438828	324	64	64	43	5.454335498980364	2.5	3.0	3.0	3.0	45.72570850515198	14.89465950089687	67.49296569824219	35.60802459716797	96405.0	24.38271713256836	217.44938659667972	82.61524200439453	1.2016715923409773	138.73768787486551	853.1454467773438	842.399658203125	41368.0	609.68564453125	1115.2313720703125	154.4440155029297	37.554592627624515
sub-8118_task-knowfilt_run-01_bold	0.001994413580246914	0.009870721697530864	0	26.998878466842104	1.1152985074303405	0.969914892291022	0.5956016288921134	441.7629089355469	0.0825153408812278	8	2.4691358024691357	1.9707377777777777	1.8888	2.0925166666666666	1.9308966666666667	0.0281423	0.0021354067139327526	0.048203930258750916	324	64	64	43	5.670262531880698	2.5	3.0	3.0	3.0	25.90103567346626	17.58530901886604	71.828857421875	37.543209075927734	100643.0	23.589506149291992	242.84938354492172	91.5009536743164	1.0479002393257026	129.59955906422283	806.9630126953125	798.75	37986.0	584.3888854980469	1037.1589660644531	140.86463928222656	51.99951626302209
sub-8118_task-knowfilt_run-02_bold	0.001930864197530864	0.00974874237654321	0	27.409126901888552	1.0982436335603714	0.9735754090092879	0.5927061375082286	462.0574645996094	0.0985020331014615	20	6.172839506172839	1.9506211111111111	1.8562833333333335	2.0581566666666666	1.9374233333333333	0.0500474	0.00469282828271389	0.05097680166363716	324	64	64	43	5.762954402704281	2.5	3.0	3.0	3.0	27.031345752890537	15.306494707299233	70.36940002441406	36.182098388671875	101433.0	25.00617218017578	238.09320983886704	90.7454605102539	1.1045824492412812	126.76248968222896	802.6846313476562	794.779296875	37540.0	586.668505859375	1028.195227050781	137.90994262695312	50.95039576618001
sub-8119_task-knowfilt_run-01_bold	0.00047743827160493836	0.006595550092592594	0	28.277329205820426	1.1538814301547986	0.9908250331578957	0.6172510871158063	450.8396911621094	0.05841260687361532	9	2.7777777777777777	1.8976412149819704	1.77193	2.068520164391213	1.8524734805546983	0.0450304	-0.008508587256073952	0.07357056438922882	324	64	64	43	5.228493701629803	2.5	3.0	2.999999761581421	2.999999761581421	16.042349990448702	13.906261792345555	74.40690612792969	36.12345886230469	94390.0	25.990741729736328	261.6257720947266	93.73529815673828	1.3166204479552563	136.29877826834922	811.0911254882812	793.456787109375	42510.0	590.7055541992188	1067.7320800781238	151.75450134277344	56.27009473973885
sub-8119_task-knowfilt_run-02_bold	0.0008921296296296295	0.006964269691358025	0	28.61126824145512	1.1598429508359145	0.9952596842105257	0.6177661697050953	446.5549621582031	0.07267078423376798	12	3.7037037037037037	1.8812334362005387	1.7605933333333335	2.068633497733553	1.8144734775347293	0.0376461	-0.008852921426296234	0.07560165971517563	324	64	64	43	5.268960318908521	2.5	3.0	2.999999761581421	2.999999761581421	16.304433054106976	14.729929377310965	75.92203521728516	36.52469253540039	94519.0	25.505863571166994	268.8293151855464	96.28148651123047	1.3627586642380454	135.44300622364662	814.2017211914062	796.947509765625	42470.0	594.7101745605469	1068.5518493652341	151.25149536132812	55.71539841371123
sub-8120_task-knowfilt_run-01_bold	0.0005434567901234568	0.010279910061728396	0	28.9543953649226	1.1396673476780181	0.9853595713003097	0.6346877525080001	449.1446228027344	0.14663569399833223	74	22.839506172839506	1.8138877777777778	1.66894	1.9436333333333333	1.8290899999999999	0.0211375	-0.0025102682411670685	0.08203532546758652	324	64	64	43	6.000745991108103	2.5	3.0	3.0	3.0	14.857426537392815	17.64022000267445	84.03820037841797	39.00308609008789	90519.0	25.725309371948242	315.370361328125	112.32989501953125	1.76425154244279	128.4144002961706	858.673095703125	849.1141967773438	46671.0	654.1712951660156	1094.7638549804688	141.4999237060547	53.841961649945006
sub-8120_task-knowfilt_run-02_bold	0.0011663888888888887	0.008246336728395061	0	28.809426889628487	1.1724862438080494	1.0046398184210523	0.6353478962248197	450.2364501953125	0.11748679584020318	34	10.493827160493828	1.83432	1.6955200000000001	1.97196	1.8354799999999998	0.0346404	-0.003795430762693286	0.07827138155698776	324	64	64	43	5.984528613973933	2.5	3.0	3.0	3.0	16.624451265216614	16.69757814815094	82.68130493164062	38.78086471557617	89814.0	26.623456954956055	303.01049041748036	109.39344787597656	1.7586480664249926	128.64777621911531	859.61279296875	850.5216064453125	46711.0	654.7808532714844	1095.8827514648438	142.11854553222656	57.95731634250842
sub-8121_task-knowfilt_run-01_bold	0.006948919753086419	0.012034065740740741	0	31.695620982476804	1.1244428478637776	1.0269628097213621	0.6451572937660826	388.9561767578125	0.17820409114829872	62	19.135802469135804	2.0745454415695845	1.9208100000000001	2.242803155091353	2.0600231696174007	0.0527559	-0.015623416751623154	0.08216506242752075	324	64	64	43	4.737922314273245	2.5	3.0	3.000000238418579	3.000000238418579	23.7046416655749	19.374497092328696	84.64970397949219	41.654319763183594	86011.0	26.657407760620117	293.3148193359375	104.34143829345703	1.6338606408701946	152.47008279480013	872.36474609375	850.5308837890625	49762.0	614.3087829589844	1193.8362731933594	179.51377868652344	40.062856474891305
sub-8121_task-knowfilt_run-02_bold	0.00057929012345679	0.012217105277777777	0	28.91451659065017	1.0592276760681112	0.9563054738699684	0.6437213716155773	395.3183288574219	0.1312297218752136	49	15.123456790123457	2.05233210961122	1.9060733333333333	2.219216490299186	2.0317065052011407	0.0223334	-0.016079163178801537	0.08537455648183823	324	64	64	43	4.805898410562432	2.5	3.0	3.000000238418579	3.000000238418579	23.129199846718503	18.770476270436223	85.65824890136719	41.453704833984375	86781.0	27.669754028320312	297.1604919433594	105.86847686767578	1.607140534478832	149.87095912408313	873.2714233398438	851.158935546875	49306.0	618.7330474853516	1189.0022888183594	177.1053466796875	43.515768084093
sub-8122_task-knowfilt_run-01_bold	0.0018485185185185182	0.007637094228395063	0	31.209357554024756	1.163557762755419	1.0170467579876161	0.6144150264860293	394.96209716796875	0.1716465213231553	99	30.555555555555557	1.9651378833860023	1.9088366666666667	2.0805401653464766	1.9060368181448635	0.0440531	-0.005736869759857655	0.05764700472354889	324	64	64	43	4.8964794734338	2.5	3.0	2.999999761581421	2.999999761581421	35.03902359058776	17.534976306907765	73.54092407226562	40.12345886230469	93462.0	26.72222328186035	232.25710144042955	91.55912780761719	1.9692880309420415	144.90599721473578	839.9181518554688	816.5401000976562	44081.0	611.5123291015625	1130.6142578125	166.75875854492188	52.036519947461784
sub-8122_task-knowfilt_run-02_bold	0.001678637770897833	0.008480383436532507	1	29.107066083602472	1.1158133136024848	1.0088552051242234	0.6160359352868814	383.0726318359375	0.1630843706397509	70	21.671826625387	1.957252327366855	1.90268	2.084993499033729	1.8840834830668358	0.0331146	-0.006414700299501419	0.05764390155673027	323	64	64	43	4.914500849838211	2.5	3.0	2.999999761581421	2.999999761581421	34.16970260034128	18.016141649783023	75.39254760742188	40.938079833984375	93501.0	27.61300277709961	238.7832794189453	92.83422088623047	2.0472445925463756	145.90316122516197	845.6486206054688	822.2058715820312	44018.0	616.5513549804688	1138.2255004882813	167.30010986328125	49.98523288639262
sub-8123_task-knowfilt_run-01_bold	0.0009626851851851852	0.007691398611111111	0	23.699675256068097	1.0483746953250777	0.9888699647368416	0.6378521752783823	457.4837646484375	0.0944446713613079	24	7.407407407407407	1.9573844444444444	1.8078	2.0905	1.9738533333333335	0.058994	-0.005971334874629974	0.06958706676959991	324	64	64	43	5.548121295320578	2.5	3.0	3.0	3.0	19.936100178321453	16.564877546560393	73.2840576171875	37.66666793823242	87828.0	24.80246925354004	235.79120788574184	89.49968719482422	1.2435260655021603	134.59189445813428	840.0637817382812	827.7515869140625	48814.0	619.6257751464843	1093.9057250976562	149.1934051513672	54.82827886193991
sub-8123_task-knowfilt_run-02_bold	0.00039277777777777775	0.005616088888888889	0	23.241355553312687	1.046987209597522	0.9904942756965944	0.6379400210607913	458.8475341796875	0.081221078862283	11	3.3950617283950617	1.9479833333333334	1.7990233333333334	2.08158	1.9633466666666666	0.0852773	-0.005275659263134003	0.06934703886508942	324	64	64	43	5.554864073424468	2.5	3.0	3.0	3.0	19.732263311696798	15.558169578447876	74.08203887939453	37.438270568847656	88017.0	26.13580322265625	240.80308532714835	90.90361022949219	1.2870622375445873	134.22119865807883	840.712158203125	828.0617065429688	48687.0	621.6191589355469	1094.951220703125	149.06813049316406	61.0094828842557
sub-8124_task-knowfilt_run-01_bold	0.00269108024691358	0.010495873580246914	0	24.74819266012385	1.0123522793188853	0.9856970370588232	0.6259339010265268	462.1784362792969	0.14264102461509015	45	13.88888888888889	1.984478888888889	1.8670333333333333	2.1275566666666665	1.9588466666666668	0.0516941	-0.004260863643139601	0.07379846274852753	324	64	64	43	5.488687219261457	2.5	3.0	3.0	3.0	33.61649494854158	14.526296668275878	73.39552307128906	36.682098388671875	91560.0	25.635648918151855	237.63888549804688	98.14816284179688	1.1472617793215099	129.80551625717442	823.2996826171875	814.7654418945312	45505.0	584.7401489257812	1071.2765380859373	148.44287109375	46.479587216628715
sub-8124_task-knowfilt_run-02_bold	0.005803148148148148	0.010977244567901235	0	24.655044047770897	1.0483925600928798	1.032767226687307	0.6261835679870574	451.2291564941406	0.15402992452837141	55	16.97530864197531	1.978443333333333	1.8633166666666667	2.1539466666666667	1.9180666666666666	0.046223	-0.004528396762907505	0.07077240198850632	324	64	64	43	5.436517426990545	2.5	3.0	3.0	3.0	33.506293271084544	14.97245336043798	74.02416229248047	37.35493850708008	91402.0	25.932098388671875	238.7759338378905	97.5895767211914	1.1626557314069164	131.26974883149322	826.2926635742188	818.5833129882812	45472.0	583.4703826904297	1075.473291015625	150.56961059570312	45.288509991718456
sub-8125_task-knowfilt_run-01_bold	0.002270493827160494	0.013230203641975309	0	28.816390306656356	1.106274333900929	0.99283154123839	0.6129586840439992	374.3556213378906	0.10643139358544461	40	12.345679012345679	1.8621666666666667	1.7823233333333333	1.9841266666666666	1.82005	0.0288084	-0.0056608691811561584	0.06096179038286209	324	64	64	43	5.2771802602145454	2.5	3.0	3.0	3.0	20.359430229445923	18.930633777850627	74.98959350585938	40.53395080566406	96236.0	26.157407760620117	241.2677459716797	89.46223449707031	1.3663351403736446	129.79406916362944	811.7455444335938	793.7994384765625	41974.0	595.7353393554688	1078.4276306152344	150.41934204101562	41.959098149091005
sub-8125_task-knowfilt_run-02_bold	0.0007752469135802468	0.007589879228395063	0	27.897088431826624	1.1176367534984524	0.9945136621362233	0.6129602733591415	375.55548095703125	0.06605104635185868	12	3.7037037037037037	1.8431466666666667	1.7439200000000001	1.9570533333333333	1.8284666666666667	0.0468569	-0.0065796589478850365	0.06267906725406647	324	64	64	43	5.273901604121865	2.5	3.0	3.0	3.0	20.535454552923017	18.00171966927922	75.1217269897461	40.175926208496094	96481.0	26.870370864868164	243.9845733642578	89.57989501953125	1.4661803853772328	129.88329314967964	809.6144409179688	792.5987548828125	41860.0	594.4851684570312	1075.5839904785155	150.28518676757812	54.185940803494304
sub-8126_task-knowfilt_run-01_bold	0.0005963580246913581	0.009082583209876543	0	27.847284682848297	1.1306361393188853	0.9898638172136232	0.622376195000031	542.4735717773438	0.13541607353673	61	18.82716049382716	1.9914833333333333	1.8135899999999998	2.21002	1.9508400000000001	0.0326203	-0.014413152821362019	0.07427661120891571	324	64	64	43	5.6533350143844965	2.5	3.0	3.0	3.0	29.414832952223783	12.897263274388315	72.42233276367188	37.18981170654297	90612.0	27.870370864868164	234.1962974548339	94.38079833984375	1.3781435806444025	142.4625178198873	901.4122314453125	898.851806640625	46488.0	639.1347259521484	1156.5660705566406	158.99325561523438	52.92563072685152
sub-8126_task-knowfilt_run-02_bold	0.003320740740740741	0.02104999320987654	0	33.11888265486071	1.0387962641486062	0.9487630450154798	0.6190534186482013	566.59716796875	0.327565478648582	155	47.839506172839506	2.0044288888888886	1.8437599999999998	2.2236166666666666	1.9459099999999998	0.0166697	-0.01100175641477108	0.07568999379873276	324	64	64	43	5.793752673974984	2.5	3.0	3.0	3.0	27.96547584032978	13.048275549459719	72.19326782226562	36.736114501953125	91536.0	26.956790924072266	231.91513061523438	94.9617691040039	1.4457483082156974	138.27093602897614	903.3179321289062	900.1018676757812	45825.0	648.632080078125	1152.55859375	155.35562133789062	37.70842506084591
sub-8127_task-knowfilt_run-01_bold	0.0008576802507836991	0.010083889655172415	5	24.18986293512578	1.0608670810691831	0.9647806022327037	0.5481267146668254	691.2211303710938	0.10982586799541617	26	8.150470219435737	1.861511111111111	1.7405799999999998	1.97874	1.8652133333333334	0.0301555	-0.00425767945125699	0.04065824672579765	319	64	64	43	5.939518153348533	2.5	3.0	3.0	3.0	28.216359259771163	10.559474373918205	56.87675476074219	31.633228302001953	107737.0	23.25015678405762	169.0150482177734	72.04703521728516	1.3656965967524295	130.7246319025212	854.8155517578125	848.489013671875	32763.0	631.8645690917969	1087.1526855468746	142.85267639160156	53.393530954374
sub-8127_task-knowfilt_run-02_bold	0.0008381172839506173	0.01265680861111111	0	23.17533158260062	1.019508931795666	0.943262713034056	0.547320016829463	702.8848266601562	0.10153627097599244	22	6.790123456790123	1.8395322222222223	1.7211033333333334	1.9584366666666666	1.8390566666666668	0.018539	-0.003058853093534708	0.04037909954786301	324	64	64	43	5.936167289518863	2.5	3.0	3.0	3.0	27.187841545483547	10.89529443170826	56.9911003112793	31.589506149291992	107856.0	22.63580322265625	170.03163528442383	71.4036865234375	1.2732223719225493	130.6108848939359	857.5625	850.8148193359375	32657.0	632.15185546875	1091.2562011718749	143.32510375976562	48.58154708635993
sub-8128_task-knowfilt_run-01_bold	0.0009547530864197533	0.00904859598765432	0	33.84226837984523	1.1401740336532518	1.00065517247678	0.6194851825951837	389.38629150390625	0.24270920940179005	207	63.888888888888886	1.9386888888888887	1.8065333333333333	2.0863866666666664	1.9231466666666668	0.0596796	0.009789574891328812	0.0471285842359066	324	64	64	43	5.820678763466569	2.5	3.0	3.0	3.0	17.85718992814733	18.253394540427863	78.48915100097656	41.299381256103516	94547.0	28.126543045043945	268.70772399902336	96.84138488769531	1.4950909664742955	125.98915480922183	836.5413818359375	833.8858032226562	42545.0	606.572216796875	1068.1345947265625	143.26095581054688	50.152339119813405
sub-8128_task-knowfilt_run-02_bold	0.0005778395061728395	0.00974804	0	33.41852897904024	1.126816987616099	0.9903096248606813	0.6193767720380551	387.1214294433594	0.24821012326480574	189	58.333333333333336	1.9159088888888889	1.7833133333333333	2.05729	1.9071233333333335	0.0311433	0.010426908731460571	0.04890533164143562	324	64	64	43	5.93734995129169	2.5	3.0	3.0	3.0	18.018868735320595	18.71098701477769	79.80644989013672	41.72530746459961	94922.0	28.18827247619629	271.61681671142577	98.63605499267578	1.442581456369819	124.62093303530797	843.9447631835938	839.7144775390625	42090.0	618.1969207763672	1073.8100585937498	141.427490234375	51.072035536170006
sub-8129_task-knowfilt_run-01_bold	0.0069968965517241384	0.007963906551724138	0	27.180572373928566	1.1318238635714282	1.05491715	0.5789299056939988	541.1229858398438	0.11503142315524482	5	17.24137931034483	1.9598866666666668	1.8378833333333333	2.0902066666666665	1.95157	0.0142144	0.007226615212857723	0.04634702578186989	29	64	64	43	5.670844729868791	2.5	3.0	3.0	3.0	36.756971941464734	11.349578334060153	61.81912612915039	33.965518951416016	102137.0	25.172412872314453	189.14482116699207	77.99983978271484	1.6156177615705518	124.89647769811008	815.9336547851562	809.8275756835938	36428.0	594.9430999755859	1053.5172119140625	142.80349731445312	58.387582117691636
sub-8129_task-knowfilt_run-02_bold	0.0006526543209876543	0.005947018827160494	0	28.70517527541795	1.1731843491021672	1.001638287956656	0.5785187065217361	535.3876342773438	0.11960793258502829	36	11.11111111111111	1.9487255555555556	1.8363833333333333	2.0675166666666667	1.9422766666666667	0.116441	0.009479492902755737	0.042239829897880554	324	64	64	43	5.558914325820886	2.5	3.0	3.0	3.0	28.987605541675187	10.968512847238554	62.70275115966797	34.27777862548828	102545.0	26.38888931274414	197.24567871093726	76.87935638427734	1.585765534062853	128.69587211017583	820.48046875	814.2994384765625	36078.0	595.3530700683593	1062.202490234375	146.48330688476562	56.90063428116264
sub-8130_task-knowfilt_run-01_bold	0.0051768209876543216	0.015858468765432097	0	25.303818646594426	1.0554501850464397	0.9876322586996904	0.6039306997810174	528.9999389648438	0.14754347082350924	61	18.82716049382716	1.8447611111111109	1.7428933333333332	2.0370466666666665	1.7543433333333331	0.0203513	-0.0020006573759019375	0.0626533254981041	324	64	64	43	6.065994777670494	2.5	3.0	3.0	3.0	22.208698672796928	16.491661958869415	71.12104797363281	37.13580322265625	95512.0	23.577159881591797	234.95509185791013	89.27664947509766	1.2164372244226236	127.06219540413392	873.9114990234375	861.7515869140625	41936.0	663.4992370605469	1121.0215759277344	142.06100463867188	44.42504425824154
sub-8130_task-knowfilt_run-02_bold	0.0008940432098765432	0.015887780679012347	0	25.508484825572737	0.9918281193808038	0.9365242752012383	0.6023883416770452	542.966064453125	0.15853057177568733	65	20.061728395061728	1.83173	1.7339266666666668	2.0135566666666667	1.7477066666666667	0.0150291	-0.0013766598422080278	0.063556969165802	324	64	64	43	6.1362836049306475	2.5	3.0	3.0	3.0	22.6501367602441	15.462076770702822	71.2561264038086	36.64197540283203	95967.0	24.459877014160156	235.17716217041013	90.3338851928711	1.2488558683275102	123.93455987689947	875.138916015625	863.0216064453125	41584.0	666.41142578125	1121.9809020996092	140.6407012939453	44.69819494988769
sub-8131_task-knowfilt_run-01_bold	0.0009707407407407407	0.008066278117283951	0	23.10074249368422	1.068520072910216	0.9790142944272444	0.5998784759399522	566.8065795898438	0.06500403605453434	5	1.5432098765432098	1.9286722222222223	1.7846566666666668	2.11937	1.88199	0.0623279	-0.007928955368697643	0.07018330693244934	324	64	64	43	5.4942328104251414	2.5	3.0	3.0	3.0	20.269171488404194	12.69821166504267	73.14362335205078	35.61728286743164	97862.0	26.03719120025635	258.91745300292956	91.7376708984375	0.9110362117769499	149.001522959813	874.9259033203125	868.3827514648438	40309.0	627.1240966796875	1134.6432617187497	158.05154418945312	52.36983408452943
sub-8131_task-knowfilt_run-02_bold	0.0003245061728395062	0.005287518981481482	0	24.174428520402476	1.1083913200309599	0.9987391299071204	0.6012653701263718	552.0889282226562	0.06856713771776489	5	1.5432098765432098	1.916171111111111	1.7693433333333333	2.102883333333333	1.8762866666666669	0.085894	-0.009367008693516254	0.07012711465358734	324	64	64	43	5.452115468870464	2.5	3.0	3.0	3.0	18.5180654107311	12.904129268243851	74.49716186523438	36.0	97929.0	26.592592239379883	266.82345581054653	92.6791763305664	0.9583041486567008	149.83888011489975	874.5437622070312	867.4969482421875	40276.0	626.6882781982422	1135.4768371582031	159.11001586914062	59.23935030819848
sub-8132_task-knowfilt_run-01_bold	0.0003615740740740741	0.006600596111111112	0	25.587065971300294	1.103984149504644	0.9891002673065015	0.6110520838060586	464.05340576171875	0.061500017635703445	6	1.8518518518518519	1.8368489892921704	1.7204499999999998	1.999753492259462	1.7903434756170493	0.0613557	-0.008200695738196373	0.06076842546463013	324	64	64	43	5.9261349158269	2.5	3.0	2.999999761581421	2.999999761581421	18.067856466768472	14.59722453396145	71.38630676269531	38.28703689575195	94740.0	27.407407760620117	226.94012985229503	86.60194396972656	1.0902408762346933	133.20534828546263	860.4205932617188	852.1265258789062	42704.0	636.0313293457032	1097.9549377441406	143.7895965576172	57.69046668894589
sub-8132_task-knowfilt_run-02_bold	0.0005730555555555556	0.007601973518518518	0	25.767189852693495	1.0970981428482967	0.9893825171207421	0.6119084838624156	456.8174133300781	0.07638063818323544	18	5.555555555555555	1.8251434330477618	1.7113366666666667	1.9903468248452207	1.773746807631398	0.0482448	-0.008208280429244041	0.061145223677158356	324	64	64	43	5.939152765607648	2.5	3.0	2.999999761581421	2.999999761581421	17.76435075448609	15.173795519628346	72.14433288574219	38.61111068725586	94740.0	27.08024787902832	231.17901611328125	87.00678253173828	1.0823602260407839	133.22598020110104	860.3584594726562	852.5802612304688	42758.0	637.1353363037109	1097.1614379882812	143.5508270263672	55.93466038524639
sub-8133_task-knowfilt_run-01_bold	0.0014787037037037036	0.009906249074074074	0	24.971735230619206	1.0971871643962854	0.9785193027244585	0.6278282683539785	537.985107421875	0.12164678795978372	44	13.580246913580247	1.9386144444444444	1.82585	2.0907566666666666	1.8992366666666667	0.0357384	-0.011788683012127876	0.05214415490627289	324	64	64	43	5.4845729067019064	2.5	3.0	3.0	3.0	9.342538172262305	15.89678919715926	76.5647964477539	37.71913528442383	88883.0	25.63271713256836	281.7892028808593	90.99565887451172	1.0089787673271609	154.34156947583182	911.9271850585938	896.6543579101562	47417.0	674.1351928710938	1195.229052734375	163.4849090576172	50.04712318792008
sub-8133_task-knowfilt_run-02_bold	0.0006230246913580247	0.004929250555555556	0	24.375363570990693	1.1348943602167183	0.9938807789164085	0.6271342192474573	543.95654296875	0.07488476568301247	12	3.7037037037037037	1.9298644444444444	1.81322	2.0785233333333335	1.89785	0.0953447	-0.010968469083309174	0.05179386958479881	324	64	64	43	5.482062322604438	2.5	3.0	3.0	3.0	9.192791730841458	14.574344486068062	77.09488677978516	37.188270568847656	89234.0	26.685184478759766	290.99907531738273	92.88790130615234	1.050389549305728	155.1790623672057	910.9640502929688	896.0709838867188	47107.0	674.2086364746094	1192.372509765625	163.45335388183594	62.43915171967819
sub-8134_task-knowfilt_run-01_bold	0.0011759567901234566	0.013532994351851855	0	25.457052006563472	1.076292863188854	0.9509786351702783	0.626081514690498	566.1442260742188	0.07354130944288262	6	1.8518518518518519	1.9033544444444443	1.74048	2.0768666666666666	1.8927166666666666	0.0160208	-0.01917942799627781	0.08263635635375977	324	64	64	43	5.345436769970041	2.5	3.0	3.0	3.0	19.84662967316808	12.949892191869942	70.64441680908203	34.76234436035156	89080.0	24.117284774780273	246.98209381103518	93.66608428955078	1.5059109756136095	141.46494660059983	867.227294921875	854.654296875	47714.0	626.2753051757812	1138.4558715820312	159.88316345214844	44.647933565080166
sub-8134_task-knowfilt_run-02_bold	0.0008140123456790122	0.0059710212345679015	0	25.45574500609904	1.1461814739318887	0.9997750328792568	0.624686144156653	591.05322265625	0.06650571316915775	9	2.7777777777777777	1.8793166666666667	1.7333566666666667	2.0482566666666666	1.8563366666666665	0.0734071	-0.018192464485764503	0.08422445505857468	324	64	64	43	5.351816969444823	2.5	3.0	3.0	3.0	19.410803200340432	11.70981112865204	71.20114135742188	34.10802459716797	89569.0	25.08024787902832	252.20863952636648	95.00180053710938	1.6014591319771272	139.9548804066721	866.41015625	854.60498046875	47468.0	625.2070953369141	1135.229296875	159.68333435058594	60.154717512312345
sub-8135_task-knowfilt_run-01_bold	0.0011279320987654321	0.011496111419753086	0	27.17527950517027	1.0411697471207435	0.9869603990402469	0.6163535575100101	408.22320556640625	0.18220176112772296	103	31.790123456790123	1.9321066666666669	1.8028366666666666	2.1029133333333334	1.89057	0.031121	0.007171044126152992	0.06192987784743309	324	64	64	43	5.562101317186033	2.5	3.0	3.0	3.0	18.439855823743677	17.93765496960987	79.42955017089844	40.19135665893555	95192.0	26.351852416992188	279.51080169677726	101.24314880371094	0.7760508608564383	138.49517237525646	844.7463989257812	828.8549194335938	41828.0	620.4706878662109	1098.9801086425782	149.0165252685547	44.93772243941203
sub-8135_task-knowfilt_run-02_bold	0.0006245061728395063	0.008671707592592592	0	25.89754047931888	1.0331227063777095	0.9830587114241494	0.6159560360801838	418.7064514160156	0.14448795149601382	55	16.97530864197531	1.9011500000000001	1.7808599999999999	2.0394433333333333	1.8831466666666667	0.0461939	0.009357670322060585	0.06324853748083115	324	64	64	43	5.6167185198771685	2.5	3.0	3.0	3.0	17.880298314680214	16.569450162731894	79.84801483154297	39.61419677734375	95469.0	27.757407379150393	282.6907470703124	102.3172378540039	0.8095265059209775	136.76553011423863	847.2379150390625	831.1913452148438	41587.0	625.8546203613281	1101.0237426757812	147.9834442138672	49.675787321524695
