bids_name	cjv	cnr	efc	fber	fwhm_avg	fwhm_x	fwhm_y	fwhm_z	icvs_csf	icvs_gm	icvs_wm	inu_med	inu_range	qi_1	qi_2	rpve_csf	rpve_gm	rpve_wm	size_x	size_y	size_z	snr_csf	snr_gm	snr_total	snr_wm	snrd_csf	snrd_gm	snrd_total	snrd_wm	spacing_x	spacing_y	spacing_z	summary_bg_k	summary_bg_mad	summary_bg_mean	summary_bg_median	summary_bg_n	summary_bg_p05	summary_bg_p95	summary_bg_stdv	summary_csf_k	summary_csf_mad	summary_csf_mean	summary_csf_median	summary_csf_n	summary_csf_p05	summary_csf_p95	summary_csf_stdv	summary_gm_k	summary_gm_mad	summary_gm_mean	summary_gm_median	summary_gm_n	summary_gm_p05	summary_gm_p95	summary_gm_stdv	summary_wm_k	summary_wm_mad	summary_wm_mean	summary_wm_median	summary_wm_n	summary_wm_p05	summary_wm_p95	summary_wm_stdv	tpm_overlap_csf	tpm_overlap_gm	tpm_overlap_wm	wm2max
sub-8107_run-01_T1w	0.34433424828656456	4.052157834048253	0.6313665815697383	8388.851485945932	5.02557592	4.75533	5.398589439999999	4.92280832	0.21047600484252296	0.43790212317556354	0.3516218719819135	0.44877801835536957	0.2168631464242935	0.0	0.004103114184225249	17.26654072432961	8.666670459677956	12.205031784512608	176	224	256	3.058846223260852	14.48233324584797	14.849430718267696	27.007112685694267	23.264196310667533	60.61338243345882	55.19505459457945	81.70758503961201	1.0	0.9765625	0.9765625	5.546231340535597	0.0	5.149931035845378	0.0	1658783.0	0.0	21.54873952269554	8.018387701372626	1.7066197109775807	72.77427575033846	299.11466329060505	284.7366526722908	71855.0	178.78528878092766	481.52674838900566	93.08564424458659	-0.10510438343098816	52.3008487965088	741.1450702873243	741.8632215261459	65430.0	656.3200211524963	824.1883681714535	51.225002199181276	0.16633307924293161	36.5985154395893	1001.0511340426833	1000.0407472252846	265802.0	942.1565149724483	1063.220510929823	37.02872194024368	0.1581324067299205	0.4689128731393612	0.5056404762662491	0.4785948222083593
sub-8108_run-01_T1w	0.3469609911547033	3.997975551277664	0.6051834868311953	23440.94132325142	4.775318133333333	4.39766	5.203271679999999	4.72502272	0.17259920797392705	0.44710956408815544	0.3802912279379175	0.4078795611858368	0.18546811938285823	0.0	0.017593369160676896	20.01052589466104	8.58036505589155	11.388356552374201	176	224	256	2.4016083272883475	14.166536075229443	13.861157146096629	25.015327035772096	23.828063614893335	62.81692415226507	57.32722468240465	85.33668628005553	1.0	0.9765625	0.9765625	6.8171913861711495	0.0	4.42730917025983	0.0	2783196.0	0.0	19.50523341447115	7.677410181253846	21.35666174205981	74.21988126424598	281.27363517169937	279.23622957989573	39544.0	75.95147596634925	463.10224748812607	116.2690417425279	-0.0006565189635936441	52.322611759503	735.6589597029893	736.1387537643313	83136.0	649.8140400275588	820.5172690451145	51.96290204785912	0.27762145777596015	39.24195881962725	1001.5525432333852	1000.0432643964887	306768.0	938.5866420418024	1069.50092484802	39.97715612505761	0.1530477628789691	0.46710356860267177	0.5159410528205133	0.4565522143463581
sub-8109_run-01_T1w	0.3788040648435698	3.578638601978103	0.603335747996612	18530.015625	4.328673040000001	4.10499	4.653905920000001	4.2271232	0.22880519680863223	0.41023522759487197	0.36095957559649583	0.4216555655002594	0.16467231214046474	0.0	0.007775080527625078	17.00873434550286	9.736040185000418	13.140830805728916	176	224	256	3.1063076899161284	13.767631282447926	14.198642110622778	25.72198735950428	26.318335786550218	65.87953466546547	59.72540131420171	86.97833349058943	1.0	0.9765625	0.9765625	8.123746273638877	0.0	4.4794834674466815	0.0	2729180.0	0.0	20.208205550909042	7.532508651028395	1.2580213575316437	76.00427707243225	315.4407986613456	302.59819480776787	48159.0	177.31606853306295	503.45988465696564	97.41309726527487	0.14618000810472997	54.020104779296986	755.2866725497673	757.4577825218439	30103.0	661.3157136887312	843.0539674624799	55.01637760169746	0.30573206062658675	37.872438404693206	1000.8942185740984	1000.0437305420637	244049.0	938.6317812055349	1066.0047131627798	38.878865295451625	0.17052829653008658	0.44506446316006487	0.5029589961439572	0.43742096043067
sub-8110_run-01_T1w	0.35415428515763164	3.8836127420278412	0.5924105563905631	-1.0	4.1029775200000005	3.87533	4.4198604800000005	4.01374208	0.20461315549173698	0.4336367693062509	0.36175007520201213	0.43062394857406616	0.1583795681595802	0.0	0.00894606580002253	20.376187460417984	10.253709365922916	14.219880849032343	176	224	256	2.3258571449451955	13.245355566611126	14.049556503289308	26.5774567983116	26.68731397669192	63.0723596384601	58.43244612985334	85.53766477440799	1.0	0.9765625	0.9765625	7.061962227445282	0.0	4.554462783155396	0.0	3077569.0	0.0	19.72602778673172	7.659389925685202	9.474803920199975	98.16316252412457	310.793174461603	312.0091385804117	37145.0	76.16438506543636	513.5159918740392	134.14621759961005	-0.027635793957486054	56.32534566901493	735.7808964162128	737.3972748331726	40202.0	642.3287798054516	825.1141715422273	55.67144648674645	0.20373836455581884	36.69271316419001	1001.3372282542742	1000.0456818453968	229315.0	941.6438542082906	1065.2968246862292	37.627509243099624	0.16897027893365388	0.47689961663905983	0.5173290383587652	0.4179362530712409
sub-8111_run-01_T1w	0.38812033724822614	3.556757967776451	0.6123107529338121	22166.730049338243	4.489052613333333	4.28069	4.78816256	4.39830528	0.19605609090851672	0.4365018701714419	0.3674420389200414	0.4716348797082901	0.19370026886463165	0.0	0.012515934756387397	21.259404818018524	10.078156563090618	13.456573501403199	176	224	256	2.5793232119402996	14.608159998740955	13.446070942937908	23.150729618132473	21.758350880763494	49.58096471668171	45.60155210876382	65.46534072884626	1.0	0.9765625	0.9765625	9.448231176665997	0.0	5.469571216324137	0.0	2827085.0	0.0	26.59042225778103	10.007854919650544	0.13470362562692095	111.9811562063857	327.7844165408791	332.38027822226286	34605.0	77.0741020783782	535.0012019500136	128.8615068323785	-0.006025302462596471	51.85751965645874	755.4530932038075	757.398156568408	38825.0	667.2480475589633	838.3512198865411	51.84694051613269	0.33018670384974147	42.319692471687716	1001.8333892507169	1000.0476729422808	219881.0	934.3340666815639	1075.24424341321	43.19714390732381	0.15406395378702983	0.47201236470882585	0.5189724471698645	0.37001428952305637
sub-8112_run-01_T1w	0.3518543842411621	3.91649271880595	0.5440993009936418	19115.872562628065	4.781082799999999	4.58801	5.10662656	4.648611839999999	0.20326442093367791	0.42712947276218377	0.3696061063041383	0.43231454491615295	0.1850884318351746	0.0	0.009661351973142046	19.979717976830244	10.021442091296136	13.408710116721087	176	224	256	3.069931987883347	13.769262063962538	14.116121646247784	25.509170886897465	23.85892067911835	63.385487740171534	57.70389647294732	85.8672809995521	1.0	0.9765625	0.9765625	8.732286889018559	0.0	4.661473952331419	0.0	3356633.0	0.0	19.807186096906662	7.629973629190263	1.521811276669438	70.75169888505297	292.5475995590015	277.87028106302023	43550.0	172.83084505796432	466.5885051462797	90.51245822288092	-0.09575827354063682	54.57431318957254	737.3832982487297	738.2120729833841	46875.0	648.4092710621655	824.4653570421038	53.612473584284025	0.42046850056437046	37.55232502806302	1002.1031265098936	1000.0437918528914	244243.0	941.4110153093934	1069.5004068166018	39.20322416802787	0.14910356440442618	0.4564891279900796	0.5066300552830916	0.4326584006370151
sub-8113_run-01_T1w	0.32693279690123533	4.1835273514455995	0.5727042543853657	20636.97097554421	4.57557552	4.28858	4.98486272	4.45328384	0.218064515979455	0.4189645218412631	0.36297096217928193	0.41200534999370575	0.15667306184768676	0.0	0.013155362974989636	19.50213433956377	10.536939428896778	14.380693230045141	176	224	256	3.103389898918351	13.409117668810596	15.0928903360727	28.766163440489148	29.951406299636087	78.19304445267527	71.80820777945564	107.28017258605556	1.0	0.9765625	0.9765625	7.081957569135749	0.0	3.592665473992658	0.0	2629087.0	0.0	16.481269042938948	6.1070294886743195	2.0482903005846813	57.177075886299235	293.8877563155677	279.2000589482486	46753.0	167.4709596298635	472.6975188732148	89.96519358534827	0.0028344246970619658	54.38795023330903	727.9598486372192	728.8974147699773	40532.0	637.2075755782425	815.4527047598733	54.3576722263301	0.17408988571695705	34.257738998684054	1000.2369043714103	1000.0408732183278	229547.0	943.5628768205643	1057.4594879485667	34.76440982450191	0.16627227441491269	0.4528214259885391	0.5005183646581617	0.46894237223127816
sub-8114_run-01_T1w	0.32024590588465895	4.275930370837205	0.5780183345059321	16916.25390625	4.854664586666667	4.54186	5.29055744	4.73157632	0.20758951312562132	0.44938976576893896	0.3430207211054397	0.4684861898422241	0.23290538787841797	0.0	0.01573254567378411	18.455481126314684	9.045823071497205	13.248346029012387	176	224	256	2.782316053143204	14.344573294255165	14.491176117528418	26.346639005186887	22.230881834579108	63.40940967723633	57.60877068002645	87.18602052826392	1.0	0.9765625	0.9765625	7.995701818072023	0.0	4.2720121083635565	0.0	2610820.0	0.0	20.017598066478968	7.514567408931463	1.5846489679144007	74.7497649597415	269.0470581655977	254.9934030622244	61277.0	146.59041045606136	441.6278085954486	91.6471448684124	0.09659638635513579	50.09408332380582	726.3778684211395	727.3207279890776	66197.0	641.1790642216802	808.0510410703719	50.70316275296134	0.16402448672193648	37.24442913788167	1000.5847696159177	1000.044003624469	245711.0	939.0233255624771	1063.8363491110504	37.95709837695214	0.16288858782291685	0.4744293419864097	0.5168525816016236	0.44221387975542004
sub-8115_run-01_T1w	0.31392293925370135	4.392481668299004	0.519766099451899	17119.65650969529	4.698860533333333	4.46494	4.9193472	4.712294399999999	0.20503962590167127	0.4578868990648686	0.33707347503346013	0.43852099776268005	0.17783188819885248	0.0	0.01406951585825718	20.301778412409945	9.770801827347196	14.70625248026809	176	224	256	3.2969173407331933	14.612297831435576	14.96954923399286	26.99943252980981	28.705054593256513	75.72045461645392	69.55901613052765	104.25153918187252	1.0	0.9765625	0.9765625	5.9356615918193665	0.0	3.9498320276117296	0.0	2830570.0	0.0	16.771662801504135	6.284451188664167	2.370800527847174	51.58705854295178	288.4260593273632	275.3556579351425	55561.0	178.35536934435368	452.0839256644249	83.5183753514051	0.00919022502117084	50.16439385891354	725.2823241856073	726.3548491895199	56768.0	642.7885790616274	804.9146528095007	49.70802401972232	0.29232364428494373	35.75218205974356	1001.0150048155746	1000.0416849553585	202850.0	941.8832323551178	1063.707250714302	37.039268098317066	0.1562335842642669	0.4794979340501035	0.5099658999982015	0.4447866990777681
sub-8116_run-01_T1w	0.3495051221307501	3.9195819885899406	0.5631494605378112	23664.694456013698	4.641401893333334	4.42167	5.005803520000001	4.49673216	0.18923221826236242	0.44215566453786315	0.36861211719977444	0.39356449246406555	0.17035459876060483	0.0	0.015661704951926547	20.199448115370554	9.467738591887288	13.160600890100364	176	224	256	2.734470621350765	14.009348497689118	14.515482802660921	26.802629288942885	31.37932790319365	73.50730570828044	67.88537452805222	98.76948997268259	1.0	0.9765625	0.9765625	5.836373115203534	0.0	4.629203850357195	0.0	3196083.0	0.0	18.223894212394953	6.633196958861691	0.37051219442744454	102.54749109093608	330.53725124088055	317.7128647081554	28300.0	148.87346667088568	539.0062228064984	116.18601746034865	0.008117817458923149	52.989224020966965	743.4407854374036	744.2548401802778	58358.0	654.3245826736093	829.2353980243206	53.125130240348355	0.2301429773013841	36.406265424477304	1001.373956355626	1000.0321772918105	254141.0	942.3392494060099	1064.988950137049	37.310899577577224	0.16256450875103787	0.46847240894061465	0.5144879262388048	0.5816788184707422
sub-8117_run-01_T1w	0.3251126979522709	4.245404485679292	0.550324310172688	20538.47265625	4.543161306666666	4.34889	4.9032396799999995	4.37735424	0.1778478397551203	0.4628552719943867	0.359296888250493	0.4136216342449188	0.1588291764259338	0.0	0.00854422844563775	22.073761887118685	9.440735693526376	13.636618070873334	176	224	256	2.7766889335742957	13.43785684740443	14.373147429679022	26.90489650805834	27.3135112284602	67.37968355938789	62.70489281313365	93.42148365155285	1.0	0.9765625	0.9765625	6.807628651265329	0.0	4.463383147443747	0.0	2853698.0	0.0	17.64339566230774	7.012937842151284	1.0536061381369493	82.75716654586782	296.3502312337767	292.37874203920364	33278.0	104.69798555374147	480.76523435115814	105.29604000559594	-0.041113913107126976	54.7269269937657	721.4132771552371	721.2689336538315	57189.0	633.7922860622406	808.655634522438	53.67393296457937	0.38139775302847934	35.903326050268035	1001.1496543208726	1000.0345851182938	233726.0	942.2611130475998	1063.7929737567902	37.16916158682931	0.15917867892051038	0.477497888934044	0.5231448967384865	0.5472869344062188
sub-8118_run-01_T1w	0.33871494990197265	4.084736646411759	0.5472438756700647	-1.0	4.661879653333334	4.47827	4.864901120000001	4.64246784	0.16489216791668793	0.4584022811197133	0.3767055509635987	0.37872815132141113	0.14516230225563048	0.0	0.014550811367582083	25.650492097011583	10.370682906155988	14.114015588548087	176	224	256	2.836378805714136	14.716736932362775	14.69294547526448	26.525720687716525	30.437182440638857	68.15732151245903	63.51042342991875	91.93676633665837	1.0	0.9765625	0.9765625	10.785880024716697	0.0	3.9314012970270777	0.0	3394020.0	0.0	17.829242914915085	7.126272809279789	0.9201328020751429	91.76845453506067	332.27765309800907	331.0816886648536	23891.0	101.64506527781487	524.9057778790593	116.72445123372005	-0.03807045034897616	51.57291765630359	741.2139394307883	741.3840339928865	53066.0	659.0386646538973	823.1779834479094	50.37645585955724	0.5096786950408476	36.03972713366525	1002.2357179142726	1000.0459112301469	227181.0	944.0767930075526	1067.273185417056	37.7009063019162	0.14386655047565047	0.4801846773106162	0.5190641189054231	0.46359760281928764
sub-8119_run-01_T1w	0.3426058980642423	4.055664693517379	0.5723746392328946	19028.295921739704	4.7135016	4.41998	5.174999039999999	4.54552576	0.19418402671572446	0.4307607765877006	0.37505519669657494	0.3889392614364624	0.157907235622406	0.0	0.011353955848581017	20.113452787658577	9.742477025824211	13.12171689689309	176	224	256	2.651998741188561	12.63038897499438	14.425851360073764	27.995166364038354	27.27258309791099	70.31982357495787	64.88130260528648	97.05150114299056	1.0	0.9765625	0.9765625	9.084884833405212	0.0	4.2056790867597025	0.0	2871681.0	0.0	17.305690202862024	6.7503993375840645	1.2143151966173527	90.15476559379078	285.4461427213273	281.01144567504525	34638.0	101.52888448964805	470.9468172335998	105.96060430850571	-0.08190090813080886	58.80637170864599	725.6734622389431	724.5619240198284	47608.0	633.8480115905404	821.115964734368	57.36595410867349	0.12571100220185683	35.560331935354	1000.9385221681156	999.9999832510948	272868.0	944.0058828704059	1060.8951938897371	35.72038607872641	0.15726363153847217	0.46501029985229037	0.5275834874179797	0.4649631201219389
sub-8120_run-01_T1w	0.34842981445210763	3.9270754050318253	0.6013901442733619	12332.966976227188	4.679977813333333	4.35744	5.01202944	4.670464	0.1695141083043918	0.4440958909343336	0.3863900007612746	0.44281113147735596	0.20049896836280823	0.0	0.0036457046690014264	20.848593208535412	8.759193066120305	11.561824408814294	176	224	256	2.820302462091173	13.121308363755196	13.563509326439371	24.748917153471744	18.9792224308246	45.61263728474443	42.43041794617309	62.69939412295021	1.0	0.9765625	0.9765625	15.909316224781854	0.0	5.6683414122870595	0.0	2279650.0	0.0	26.228340167552233	10.44926046542996	0.5723261370185408	94.60547971549589	305.1973637107758	302.7138144224882	30615.0	126.71492668278516	492.4558776888996	107.33205908595347	-0.07362001200090962	56.305803178472445	728.3005332920593	727.5100689008832	52788.0	638.2625041678548	819.4872798956931	55.444408273478224	0.48791345094731575	38.6515878068889	1001.6883422535153	1000.0395340807736	269944.0	938.6422732360661	1070.6879221474742	40.407330776067035	0.16266189732595535	0.46761665914661543	0.5083385977960085	0.4851177339806943
sub-8121_run-01_T1w	0.331365529958644	4.145233521008956	0.6129479516902843	15099.76937747567	4.9406528	4.56368	5.494015999999999	4.7642624	0.2257644490456984	0.4172956468962713	0.35693990405803033	0.4820061922073364	0.2290141969919205	0.0	0.005752680363684639	16.24545905545751	8.902020804036207	12.17840000780056	176	224	256	3.15622956783197	13.693721139664886	14.518383624429921	26.705200165792906	26.4194602228781	67.18470631265139	61.934952838356594	92.20069197954028	1.0	0.9765625	0.9765625	8.361240585761395	0.0	3.7904856232033857	0.0	2100542.0	0.0	19.00765299797058	7.1058400880681	1.2212190882397334	79.17459627138926	298.3549294761463	286.5547686815262	62110.0	174.4013875722885	468.05522665381415	90.78948653164323	0.08866704498777711	53.31170812110494	728.4486767198509	728.7089824676514	39735.0	640.8294439315796	814.8605525493622	53.21415598921987	0.210896736105457	36.59842662776083	1000.9574517759643	1000.0411719083786	266734.0	941.0845339298248	1063.8937205076218	37.44736197797638	0.17555868236777197	0.4649048790832327	0.5146159582350646	0.49242603001634033
sub-8122_run-01_T1w	0.36205741966597393	3.7901241830176864	0.5701549016871393	20589.732533087103	4.603405599999999	4.36566	4.8842547199999995	4.5603020800000005	0.20797017785844077	0.4302549520449812	0.361774870096578	0.4327132999897003	0.1842791318893433	0.0	0.009233117157565536	19.074411232920607	9.685207424380854	13.302685600060647	176	224	256	3.0291076921540263	12.911248598651788	14.016128660335065	26.10802969019938	22.142607363481755	57.66704368538588	52.66986794390738	78.19995278285451	1.0	0.9765625	0.9765625	80.22791935935614	0.0	4.8001903706692035	0.0	3163147.0	0.0	20.60786359384656	8.37808585532223	1.4728673808977826	76.78429765625394	292.840148197129	283.16647579334676	45106.0	162.93514908198267	468.3779588257894	93.48077574431424	-0.03910627802324296	57.76372065738215	735.8296320148715	737.4638976231217	39445.0	640.3318665921688	827.0652651526034	57.11721402673856	0.29366785041509313	37.30573625789264	1001.3783791183672	1000.0450567193329	245585.0	941.1074687168002	1066.513308223337	38.304040271792914	0.15870046512584426	0.4669109933019757	0.5163101848792563	0.42537864180110807
sub-8123_run-01_T1w	0.35607125898300196	3.808951302963197	0.5874052724817603	30717.17451523546	4.570330186666666	4.29998	4.92664832	4.48436224	0.17955015874719643	0.44217458930680253	0.37827525194600103	0.39920130372047424	0.15916159600019453	0.0	0.0071587285401629	19.02968177420215	8.679128619422295	11.756557968073832	176	224	256	3.3634248812355905	14.797130554736267	14.781055940588038	26.18261238579225	31.55819839138678	78.0823370203694	70.9809077616759	103.3021878732715	1.0	0.9765625	0.9765625	7.053082012223875	0.0	3.597337762323403	0.0	2589605.0	0.0	16.944456987082958	6.342233890068082	2.6345860428477943	68.86272713227378	319.14666568417385	305.5080977752805	35246.0	199.97460306622088	498.40712036937475	90.83115413367557	0.05664394774530823	50.17532702580186	754.3103032129609	755.8982283174992	48446.0	667.5746691450477	836.8345582857728	51.08358164643633	0.4851693993257591	36.75873207756562	1001.246870009726	1000.0461535155773	292294.0	940.9021496996284	1065.7463232502341	38.19498330011501	0.1798164621272652	0.46628658406215234	0.5228902486354129	0.43391397507199286
sub-8124_run-01_T1w	0.3544069048220562	3.883294024215697	0.6012160195262892	21723.20221462545	4.679272213333333	4.45204	5.06968064	4.516095999999999	0.18396300133565094	0.4150132867237665	0.4010237119405826	0.405687153339386	0.17181250751018529	0.0	0.0069272429137236	19.418940385519146	9.257230701924946	11.29072904240321	176	224	256	3.115767197489679	13.772911580433208	14.495196494939597	26.5969107068959	25.857203148014566	67.93821469034664	61.73970013247091	91.4236825590515	1.0	0.9765625	0.9765625	6.329333999104653	0.0	4.0478138618773505	0.0	2430582.0	0.0	19.357422553002834	7.166256428625529	7.474496200675832	61.159320724720025	296.48858420353383	282.840868383646	43811.0	175.46279799193144	473.4336058422923	90.77624304753695	-0.011707625323286397	54.49579171372033	743.3989553787006	743.1470267474651	44620.0	656.0608751699328	833.394890675321	53.956543237101606	0.3904227711477479	36.550446258354796	1000.7935152878824	1000.0444989278913	317874.0	940.592736788094	1063.5012450441718	37.59996553460946	0.16583458932694925	0.44489620459781376	0.5106908760985682	0.4500565184111875
sub-8125_run-01_T1w	0.34757023884276356	3.912566432467643	0.5898174910967503	20617.882971938776	4.587795706666667	4.41695	4.884736	4.46170112	0.23518883823978057	0.40710139003663914	0.35770977172358026	0.42075470089912415	0.16585434675216676	0.0	0.011304528300577576	18.218082946926128	10.524217206870704	14.026612021857924	176	224	256	3.1834188876359772	13.452136745500596	14.642150239731285	27.290895086057276	24.327340487470547	61.98669085852587	56.70563886229335	83.80288524088363	1.0	0.9765625	0.9765625	6.662660513245308	0.0	4.705388377149879	0.0	2904185.0	0.0	20.16468532755971	7.817953107173862	1.9186533753477537	70.33585638732457	297.6108996943749	290.30596857890487	68339.0	162.3420919213444	464.8685148101299	91.19247413049042	0.04116704415429062	55.11029378671535	739.2751044625805	739.7070936691016	30968.0	648.7016698526219	828.155672814697	54.987186383766925	0.416261659332136	35.37602244332893	1001.0563657895352	1000.0467491336167	241561.0	942.6405567973852	1062.5993808805943	36.6438944567661	0.16753641181126097	0.45018407563366203	0.515133600135838	0.4179806699730426
sub-8126_run-01_T1w	0.32474768448862507	4.196105290476608	0.5938730470641721	9847.788626981983	4.537650373333333	4.26165	4.94683136	4.40446976	0.17912447859194608	0.4628221097214207	0.3580534116866332	0.4367237836122513	0.2177797734737395	0.0	0.007856956914737326	19.21237172068272	8.363292888567697	12.224648035507187	176	224	256	3.2348496998823	15.108840011546112	15.139752582377959	27.075568035705466	26.928651687838787	60.684013727610335	56.526499527978395	81.96683316848608	1.0	0.9765625	0.9765625	4.79698945979014	0.0	5.26031457097597	0.0	2298398.0	0.0	21.658269837498665	7.993077330569437	1.4147454954320606	80.4161085747802	329.89548624998235	328.54653679579496	33295.0	168.22825680300593	512.8913713496178	101.56317398570233	0.04771814209772707	48.445120964320715	740.2122193263976	740.383246075362	62675.0	659.3059837706387	820.6130108647048	49.002924047002764	0.35142302357084	35.880103999511306	1001.1213635024743	1000.0470681488514	260057.0	942.5584866888821	1063.3268826305866	36.93533388043036	0.16690598449557126	0.4708394925107052	0.5220167324215975	0.42519968770644406
sub-8127_run-01_T1w	0.32356465355008257	4.276440874055451	0.49216273558861284	22234.699735349717	4.595722346666666	4.40148	4.8826368	4.503050239999999	0.18032372310204411	0.4786786639586856	0.3409976129392703	0.45014384388923645	0.17409395873546596	0.0	0.013399544665492093	26.96829440867794	11.412493777656453	17.48776932704678	176	224	256	2.457388755502727	14.52342077418802	14.436842215026585	26.32971711538901	27.89103970767455	67.27426565202768	62.47874641775015	92.2709338935482	1.0	0.9765625	0.9765625	8.952446831592868	0.0	4.2228702046352975	0.0	3256612.0	0.0	19.246124230325222	7.1004370363958484	1.2889688025766635	95.66482319293813	294.4949475603854	302.2860145214945	23274.0	56.25289126839489	494.0412854555993	123.00842498115358	0.005047948815799064	51.02539250733724	727.7598299898941	729.1255491711199	55382.0	644.28501966279	807.7489081993699	50.20297750671546	0.3912103726020226	36.63361513347289	1001.12635788671	1000.0420620813966	165425.0	940.790893599391	1065.344413727522	37.9813818374616	0.14107823185018054	0.4884364804520305	0.5117041132461497	0.42947376019634736
sub-8128_run-01_T1w	0.35002746736441326	3.9293377676930246	0.624228693880873	12827.5424715145	4.602084133333334	4.36103	4.90492928	4.54029312	0.19369131217130267	0.4390817886840652	0.3672268991446321	0.4658955782651901	0.20680087506771083	0.0	0.01210232444122709	19.919731369375075	9.395081878593777	12.729893227554475	176	224	256	2.8486635122196473	15.11288142566416	14.185368549893695	24.59456071179728	21.253300847573172	51.091482870646296	46.94604745816881	68.49335865628699	1.0	0.9765625	0.9765625	5.894203858847785	0.0	5.584533413177595	0.0	2434287.0	0.0	26.337448716163635	9.565425536137074	0.8119905411596067	91.0520903098067	318.3213986023074	310.31227490119636	35024.0	141.03122814372182	515.7104847878218	108.93102802197879	-0.012879637990982573	50.10197795525824	745.318142962824	745.9695033431053	44484.0	663.9554626718163	824.5945340692997	49.35929142768787	0.532397590267141	38.83262188222738	1002.0969540071277	1000.0484203696251	241975.0	939.1430702134967	1072.0406744889915	40.66128139701145	0.172943931440035	0.47569604677369937	0.5264162928504338	0.4003354592529941
sub-8129_run-01_T1w	0.443456913570872	3.046332955360322	0.5370239501885218	11513.289999999999	4.6780161866666665	4.41875	5.20804352	4.40725504	0.17207970676374876	0.4122863468659163	0.4156339463703349	0.56765216588974	0.2618369877338409	1.955133594278497e-06	0.009099914555010705	26.386293220316674	11.268238368459922	12.872373665241893	176	224	256	2.7984165895707847	15.203357881296041	11.49526041198736	16.484006765095256	13.11661554218557	30.91368954612295	28.30534066709222	40.885716912968135	1.0	0.9765625	0.9765625	21.690758893740753	0.0	8.088194522223475	0.0	3347456.0	0.0	37.071866903454065	16.024393714843946	0.29767830301621245	106.40334655146572	319.2529934499902	320.82755843549967	28375.0	118.2934070751071	508.1320523243397	114.64408345501171	0.10088590765527128	49.1656842686083	755.5607983824368	756.137397442013	21142.0	673.3815076388419	836.9605016609654	49.733718089223416	0.3630059277061961	58.99882112232996	1007.3693325149824	1000.0494937039912	204662.0	921.0057401061058	1119.0358328707516	60.667716580002555	0.1513652227372898	0.4395095261464422	0.4862572733949044	0.3936984859998831
sub-8130_run-01_T1w	0.3295135634932169	4.2519757513602014	0.5796848987807869	13840.480051273833	4.94753784	4.67073	5.33180416	4.84007936	0.19073096243434806	0.43683250564148873	0.3724365319241632	0.41096605360507965	0.17307022958993912	0.0	0.0074827664587347464	20.824651701014407	9.810063282561535	13.2851164872291	176	224	256	2.433469475732883	13.79255751417174	14.713264033567972	27.913765110799293	28.766887268031404	71.39161492529915	66.10041666901378	98.14274781371081	1.0	0.9765625	0.9765625	6.0473074029794756	0.0	4.479069193439637	0.0	2349229.0	0.0	17.58359908312559	6.675598292170945	-0.08239597971986656	109.11615486917876	290.379461582651	293.12397161498666	33423.0	73.41728499270977	489.3385091565548	120.45336481163605	-0.13120901469455237	54.81421864320247	727.0958123283277	727.4542258232832	64962.0	640.9951316416264	812.1856738068163	52.74211298225478	0.23792047364199664	35.00596517712307	1000.7514927838798	1000.0384037494659	253197.0	943.1412556245923	1060.6979813724756	35.82592405414515	0.16498252973303376	0.4818495016731361	0.5279886644033687	0.5103575415284771
sub-8131_run-01_T1w	0.3258146631682491	4.218977548119857	0.5633057516856335	15384.158976800554	4.5080334933333335	4.18648	4.92949504	4.40812544	0.13298825500027128	0.4929147719681258	0.37409697303160294	0.44905421137809753	0.1971001923084259	0.0	0.01749737319191132	28.33974253784128	9.281883498326664	13.273011950550362	176	224	256	2.577288601998081	14.764300557066969	13.698949659413593	23.75525981917573	24.278092674689535	55.207133022470416	51.885723315269736	76.17194424864927	1.0	0.9765625	0.9765625	7.8797561485176	0.0	5.423531971549424	0.0	2839060.0	0.0	22.088835686445236	8.600757286389966	11.083640097117737	98.12821473823416	326.85872012167687	318.72749319300056	13428.0	126.41056509688497	530.048022860661	123.66314921304517	-0.09390937963372714	49.98368858341129	726.3902983263804	724.7699129581451	70016.0	648.1392601691186	808.7635109759867	49.088999129581644	0.5866448028690803	39.69031176534381	1001.8587996794545	1000.000006891787	212596.0	936.2945242598653	1074.1896832734346	42.09584162085679	0.1475630017703215	0.4707492988508876	0.49509497664932495	0.5017092193144445
sub-8132_run-01_T1w	0.3290526312838301	4.152340243700865	0.5983160131856081	13180.994114984154	4.784131013333333	4.44933	5.23917312	4.66388992	0.16966437653238056	0.4411307791217005	0.3892048443459189	0.4062734842300415	0.1764416083693504	0.0	0.008538463959399887	22.424732459756928	9.621306408047316	12.526856359840025	176	224	256	2.588805381207458	13.751586358078294	14.351679438655088	26.71464657667951	25.4163523290287	62.009238685419405	57.50661097839253	85.09424192072949	1.0	0.9765625	0.9765625	7.517200375559247	0.0	4.508005744349695	0.0	2391683.0	0.0	20.661721639335155	7.698951175053035	0.4457227763812228	92.10176448227111	300.90604194865944	298.6847557686269	29831.0	86.99312976561487	500.72817695327103	115.37358181249141	0.05530746572973699	52.494632063887856	728.148593687662	728.7125261873007	55054.0	639.3756108172238	813.6349327489734	52.99067969475939	0.1854238063202942	36.77323197277491	1001.1151501551435	1000.0000211037695	279474.0	941.5646673925221	1064.3062164261937	37.4325832519112	0.1443547672214606	0.45828080820025685	0.5143796133715726	0.43082008838016406
sub-8133_run-01_T1w	0.31873871224175054	4.297000971263839	0.5978357321492203	17125.361717026717	4.85573528	4.62349	5.22637312	4.7173427199999995	0.1984007868580397	0.44201874528020674	0.35958046786175357	0.45360031723976135	0.21458837389945973	0.0	0.0076098310405953275	18.148518879764897	8.789237632318187	12.481567493463784	176	224	256	2.625104390177282	13.712506973948209	14.791196147442548	28.03597707820215	28.5919508621664	71.11387999143328	65.9510062041025	98.1471877587078	1.0	0.9765625	0.9765625	6.66910624238429	0.0	3.8529636990975806	0.0	1876283.0	0.0	16.717031598091125	6.675254353587871	0.41555791625296123	91.70342009638516	300.4029627801304	291.3264237344265	37595.0	111.875519156456	502.74222161620844	110.97560548903125	0.01887062567034592	52.858156386118054	723.7057545079459	724.5868753641844	60814.0	635.4400895535946	808.536914717406	52.84087871856091	0.23621777823306855	34.936905889111394	1000.9027829306195	1000.0321190804243	269722.0	943.8693225383759	1060.952840000391	35.66953498603569	0.16745495582299202	0.4797602970595922	0.5237619704493	0.5904255456959152
sub-8134_run-01_T1w	0.3219677533881744	4.235953708640508	0.5714022689878893	13583.673971549406	4.598592319999999	4.27484	4.99908608	4.52185088	0.19464158306895127	0.45030470313626525	0.35505371379478345	0.42431962490081787	0.18259100466966627	0.0	0.008222321676215913	18.336140837627163	8.672408476221515	12.586034432404125	176	224	256	3.521808004866203	14.177167503650697	15.551261297844135	28.95480838501551	27.95728819922367	67.31677920169113	62.30734407885697	91.64796483565611	1.0	0.9765625	0.9765625	4.172159143966587	0.0	4.7621964547339735	0.0	2393148.0	0.0	18.946508586406708	7.148692779942035	2.278557390529423	64.1714306097641	315.17707552629395	305.06328803673387	39867.0	201.23723764307798	479.3834169294682	86.62012851882834	0.030614804531907236	51.57930082973492	733.7402052661589	734.544704657048	52322.0	647.3683070136234	817.313180744648	51.81131456415281	0.23580730774623415	33.901887869309334	1000.7337773721991	1000.0408228226006	255222.0	945.4062786661088	1058.4320023022592	34.537920277845	0.15829571036063106	0.4582624592886695	0.4969710371246051	0.4889816068064069
sub-8135_run-01_T1w	0.3341931230238037	4.1308884625897235	0.5885665712914613	12352.520133308984	4.61106544	4.39378	4.96121856	4.47819776	0.1946627724948271	0.4357906570512075	0.3695465704539654	0.4223620593547821	0.1763151884078979	0.0	0.005365940435468964	20.463985534075313	9.80580192019368	13.351313399086713	176	224	256	2.7746576018815508	13.983972340176992	14.83705432441847	27.75253303119687	24.995933997315444	61.174061092072456	56.47397093873109	83.25191772680536	1.0	0.9765625	0.9765625	7.217901744844154	0.0	5.227131736473519	0.0	2537894.0	0.0	20.832389295101166	7.869681210027245	3.841412213544965	83.32545198443582	311.3718102105093	300.2581326663494	37849.0	132.96498906612396	510.0131201863288	108.21305155270808	-0.04679460594971774	53.58074994647846	733.9204572034389	734.8398884832859	47029.0	646.9362632185221	818.5317480862141	52.54816427986354	0.2777985708349435	35.04906199506486	1000.8592414613425	1000.0452617704868	245380.0	943.1637814342976	1061.0932199656963	36.034304432541155	0.170260810129824	0.47046478784844953	0.5207819010309436	0.4291956564940768
